id;name;email;level;experience;shape;color;accessory;programming_language;unique_link;profile_picture
1;gold;Ivory_Ward31@yahoo.com;10467;83887;Central;magenta;Uganda;recontextualize Stand-alone;Enterprise-wide;morph Tuna brand
2;Franc;Patience.Nader4@gmail.com;54450;55694;evolve unleash;magenta;Officer parsing;Taiwan Tools Tactics;deposit;Ergonomic Slovakia Avon
3;Grocery morph;Chris_Hilpert@yahoo.com;99664;21340;bluetooth invoice methodologies;sky blue;Frozen Savings compelling;payment innovative;Forward;global Montana empower
4;El;Kristofer.Ernser@gmail.com;59988;61142;Upgradable Baby Officer;sky blue;deposit;Rupee;of;target Bedfordshire out-of-the-box
5;Intelligent Handmade;Rachelle71@hotmail.com;73316;68553;tan;gold;Health;transparent Regional Concrete;Gloves Intranet;innovate Account
6;Gloves unleash Fresh;Jackson98@hotmail.com;51062;31974;Forward;orange;Branding Investor;schemas;Wooden morph;leading-edge SMS
7;bandwidth Park Books;Laurine.Feeney46@gmail.com;67857;5171;efficient;violet;Agent analyzing Account;Soft Kuna;wireless Oklahoma;mint
8;Cambridgeshire;Shyann.Maggio0@hotmail.com;26920;47436;Specialist;teal;SDD white;Franc transition;generating;Shilling
9;Agent;Alfredo.Hansen@hotmail.com;98495;13118;Tennessee disintermediate application;pink;Triple-buffered;Circle Jewelery Washington;Rwanda Frozen;Refined
10;navigate;Alessandra77@yahoo.com;25709;87473;cross-platform Money up;red;hybrid complexity AI;Island;redundant Dynamic embrace;Metal
